Workbook
Name intr: 'Harde waarden (circuit)'!$B$5
Name lftopsl: 'Harde waarden (circuit)'!$B$6
Name tabel: [1]lxy!$A$11:$I$157

Sheet tbl_insurance_types
A1: id_type | B1: description
A2: OPLL | B2: Levenslang ouderdomspensioen
A3: NPLL-O | B3: Levenslang nabestaanden- of partnerpensioen, onbepaalde partner
A4: NPLLRS | B4: Levenslang nabestaanden- of partnerpensioen, onbepaalde partner (uitruilvorm, hx_PD=1)
A5: NPLL-B | B5: Levenslang nabestaandenpensioen, bepaalde partner
A6: NPTL-B | B6: Levenslang nabestaandenpensioen met tijdelijk risico, bepaalde partner
A7: NPTL-O | B7: Levenslang nabestaanden- of partnerpensioen met tijdelijk risico, onbepaalde partner
A8: ay_avg | B8: Lijfrente partnerpensioen

Sheet tbl_tariff
A1: name | B1: delta | C1: round | D1: is_flat | E1: lx | F1: hx | G1: adjustments | H1: ukv
A2: GB0005WO | B2: 3 | C2: 3 | D2: TRUE | E2: 5 | F2: 7 | G2: 5 | H2: #N/A

Sheet tbl_lx
A1: gender | B1: age | C1: lx
A2: M | B2: 0 | C2: 10000000
A3: M | B3: 1 | C3: =C2 * (1-'2010-2015'!E4) -> 9959898
A4: M | B4: 2 | C4: =C3 * (1-'2010-2015'!E5) -> 9957363.2
A5: M | B5: 3 | C5: =C4 * (1-'2010-2015'!E6) -> 9955616.7
A6: M | B6: 4 | C6: =C5 * (1-'2010-2015'!E7) -> 9954241.8
A7: M | B7: 5 | C7: =C6 * (1-'2010-2015'!E8) -> 9953086.1
A8: M | B8: 6 | C8: =C7 * (1-'2010-2015'!E9) -> 9952089.8
A9: M | B9: 7 | C9: =C8 * (1-'2010-2015'!E10) -> 9951150.3
A10: M | B10: 8 | C10: =C9 * (1-'2010-2015'!E11) -> 9950245.8
A11: M | B11: 9 | C11: =C10 * (1-'2010-2015'!E12) -> 9949351.3
A12: M | B12: 10 | C12: =C11 * (1-'2010-2015'!E13) -> 9948422
A13: M | B13: 11 | C13: =C12 * (1-'2010-2015'!E14) -> 9947477.9
A14: M | B14: 12 | C14: =C13 * (1-'2010-2015'!E15) -> 9946505
... A122: M | B122: 120 | C122: =C121 * (1-'2010-2015'!E123) -> 0.018727706
A123: F | B123: 0 | C123: 10000000
A124: F | B124: 1 | C124: =C123 * (1 - '2010-2015'!F4) -> 9966876
A125: F | B125: 2 | C125: =C124 * (1 - '2010-2015'!F5) -> 9964714.2
A126: F | B126: 3 | C126: =C125 * (1 - '2010-2015'!F6) -> 9963640
A127: F | B127: 4 | C127: =C126 * (1 - '2010-2015'!F7) -> 9962717.4
A128: F | B128: 5 | C128: =C127 * (1 - '2010-2015'!F8) -> 9961917.3
A129: F | B129: 6 | C129: =C128 * (1 - '2010-2015'!F9) -> 9961157.3
A130: F | B130: 7 | C130: =C129 * (1 - '2010-2015'!F10) -> 9960499.8
A131: F | B131: 8 | C131: =C130 * (1 - '2010-2015'!F11) -> 9959854.4
A132: F | B132: 9 | C132: =C131 * (1 - '2010-2015'!F12) -> 9959211
A133: F | B133: 10 | C133: =C132 * (1 - '2010-2015'!F13) -> 9958559.6
A134: F | B134: 11 | C134: =C133 * (1 - '2010-2015'!F14) -> 9957872.5
A135: F | B135: 12 | C135: =C134 * (1 - '2010-2015'!F15) -> 9957145.6
... A243: F | B243: 120 | C243: =C242 * (1 - '2010-2015'!F123) -> 0.065339132

Sheet tbl_hx
A1: gender | B1: age | C1: hx
A2: M | B2: 0 | C2: 0
A3: M | B3: 1 | C3: 0
A4: M | B4: 2 | C4: 0
A5: M | B5: 3 | C5: 0
A6: M | B6: 4 | C6: 0
A7: M | B7: 5 | C7: 0
A8: M | B8: 6 | C8: 0
A9: M | B9: 7 | C9: 0
A10: M | B10: 8 | C10: 0
A11: M | B11: 9 | C11: 0
A12: M | B12: 10 | C12: 0
A13: M | B13: 11 | C13: 0
... A143: F | B143: 70 | C143: 0.68

Sheet tbl_adjustments
A1: gender | B1: type | C1: adjustment | D1: value
A2: M | B2: retire | C2: CX1 | D2: -5
A3: M | B3: retire | C3: CX2 | D3: -5
A4: M | B4: retire | C4: fnett | D4: 1
A5: M | B5: retire | C5: fcorr | D5: 1
A6: M | B6: retire | C6: fOTS | D6: 1
A7: M | B7: partner | C7: CX1 | D7: -5
A8: M | B8: partner | C8: CX2 | D8: -5
A9: M | B9: partner | C9: CX3 | D9: -3
A10: M | B10: partner | C10: fnett | D10: 1
A11: M | B11: partner | C11: fcorr | D11: 1
A12: M | B12: partner | C12: fOTS | D12: 1
A13: M | B13: risk | C13: CX1 | D13: 0
... A35: F | B35: risk | C35: fOTS | D35: 1

Sheet tbl_testdata
A1: baseyear | B1: sex | C1: age | D1: pension_age | E1: insurance_id | F1: intrest | G1: test_value
A2: #N/A | B2: M | C2: 16 | D2: 68 | E2: OPLL | F2: 2.472 | G2: 3.831
A3: #N/A | B3: M | C3: 17 | D3: 68 | E3: OPLL | F3: 2.472 | G3: 3.926
A4: #N/A | B4: M | C4: 18 | D4: 68 | E4: OPLL | F4: 2.472 | G4: 4.024
A5: #N/A | B5: M | C5: 19 | D5: 68 | E5: OPLL | F5: 2.472 | G5: 4.124
A6: #N/A | B6: M | C6: 20 | D6: 68 | E6: OPLL | F6: 2.472 | G6: 4.226
A7: #N/A | B7: M | C7: 21 | D7: 68 | E7: OPLL | F7: 2.472 | G7: 4.332
A8: #N/A | B8: M | C8: 22 | D8: 68 | E8: OPLL | F8: 2.472 | G8: 4.439
A9: #N/A | B9: M | C9: 23 | D9: 68 | E9: OPLL | F9: 2.472 | G9: 4.55
A10: #N/A | B10: M | C10: 24 | D10: 68 | E10: OPLL | F10: 2.472 | G10: 4.664
A11: #N/A | B11: M | C11: 25 | D11: 68 | E11: OPLL | F11: 2.472 | G11: 4.781
A12: #N/A | B12: M | C12: 26 | D12: 68 | E12: OPLL | F12: 2.472 | G12: 4.901
A13: #N/A | B13: M | C13: 27 | D13: 68 | E13: OPLL | F13: 2.472 | G13: 5.024
... A213: #N/A | B213: F | C213: 65 | D213: 68 | E213: NPLLRS | F213: 2.472 | G213: 1.622

Sheet 2010-2015
A1: Ruw (levering CBS) | E1: GB 2010-2015 AG afronding
A3: Leeftijd | B3: Man | C3: Vrouw | E3: Man | F3: Vrouw | H3: Bron: website AG-AI:
A4: 0 | B4: 0.0040102335 | C4: 0.003312401 | E4: 0.0040102 | F4: 0.0033124 | H4: https://www.actuarieelgenootschap.nl/kennisbank/periodetafels.htm
A5: 1 | B5: 0.00025446565 | C5: 0.00021687517 | E5: 0.0002545 | F5: 0.0002169
A6: 2 | B6: 0.00017535137 | C6: 0.00010780182 | E6: 0.0001754 | F6: 0.0001078
A7: 3 | B7: 0.00014023919 | C7: 9.3572463e-05 | E7: 0.0001381 | F7: 9.26e-05
A8: 4 | B8: 0.00011403761 | C8: 9.076188e-05 | E8: 0.0001161 | F8: 8.03e-05
A9: 5 | B9: 9.8899584e-05 | C9: 7.0681446e-05 | E9: 0.0001001 | F9: 7.63e-05
A10: 6 | B10: 9.8135427e-05 | C10: 7.6600764e-05 | E10: 9.44e-05 | F10: 6.6e-05
A11: 7 | B11: 7.8166542e-05 | C11: 7.1086449e-05 | E11: 9.09e-05 | F11: 6.48e-05
A12: 8 | B12: 0.00010684482 | C12: 6.1288625e-05 | E12: 8.99e-05 | F12: 6.46e-05
A13: 9 | B13: 9.1177126e-05 | C13: 4.7705619e-05 | E13: 9.34e-05 | F13: 6.54e-05
A14: 10 | B14: 9.9181751e-05 | C14: 7.9275382e-05 | E14: 9.49e-05 | F14: 6.9e-05
A15: 11 | B15: 9.2462033e-05 | C15: 7.8633947e-05 | E15: 9.78e-05 | F15: 7.3e-05
A16: 12 | B16: 0.00010970737 | C16: 9.2652832e-05 | E16: 0.0001062 | F16: 7.97e-05
... A124: 120 | B124: 0 | C124: 0 | E124: 0.6082657 | F124: 0.6113238

Sheet grondslagenWO2023
M1: Deze moeten we hebben voor VBI: (enige verschil: hx wordt doorgetrokken tot 68 jaar)

Sheet Harde waarden (circuit)
A1: Factoren wo indiv 2023 | H1: Bron: website pensioenfederatie: https://www.pensioenfederatie.nl/website/publicaties/cijfers/factoren-individuele-waardeoverdrachten
A3: Uitvoer: | B3: Ouderdomspensioen | L3: Uitvoer: | M3: Ouderdomspensioen | W3: Uitvoer: | X3: Tijdelijk ouderdomspensioen tot 68 | AG3: Uitvoer: | AH3: Tijdelijk ouderdomspensioen tot 68 | AQ3: Uitvoer: | AR3: Nabestaandenpensioen | AT3: Uitvoer: | AU3: Nabestaandenpensioen | AW3: Uitvoer: | AX3: Nabestaandenpensioen | AZ3: Uitvoer: | BA3: Nabestaandenpensioen | BC3: Uitvoer: | BD3: Ongehuwden ouderdomspensioen | BN3: Uitvoer: | BO3: Ongehuwden ouderdomspensioen | BY3: Uitvoer: | BZ3: Tijdelijk nabestaandenpensioen | CB3: Uitvoer: | CC3: Tijdelijk nabestaandenpensioen | CE3: Uitvoer: | CF3: Tijdelijk nabestaandenpensioen | CH3: Uitvoer: | CI3: Tijdelijk nabestaandenpensioen
B4: Mannen | M4: Vrouwen | X4: Mannen | AH4: Vrouwen | AR4: (met uitruil) | AU4: (met uitruil) | AX4: (zonder uitruil) | BA4: (zonder uitruil) | BD4: Mannen | BO4: Vrouwen | BZ4: (met uitruil) | CC4: (met uitruil) | CF4: (zonder uitruil) | CI4: (zonder uitruil)
AR5: Mannen | AU5: Vrouwen | AX5: Mannen | BA5: Vrouwen | BZ5: Mannen | CC5: Vrouwen | CF5: Mannen | CI5: Vrouwen
A6: Pensioenlft | B6: 60 | C6: 61 | D6: 62 | E6: 63 | F6: 64 | G6: 65 | H6: 66 | I6: 67 | J6: 68 | L6: Pensioenlft | M6: 60 | N6: 61 | O6: 62 | P6: 63 | Q6: 64 | R6: 65 | S6: 66 | T6: 67 | U6: 68 | W6: Pensioenlft | X6: 60 | Y6: 61 | Z6: 62 | AA6: 63 | AB6: 64 | AC6: 65 | AD6: 66 | AE6: 67 | AG6: Pensioenlft | AH6: 60 | AI6: 61 | AJ6: 62 | AK6: 63 | AL6: 64 | AM6: 65 | AN6: 66 | AO6: 67 | BC6: Pensioenlft | BD6: 60 | BE6: 61 | BF6: 62 | BG6: 63 | BH6: 64 | BI6: 65 | BJ6: 66 | BK6: 67 | BL6: 68 | BN6: Pensioenlft | BO6: 60 | BP6: 61 | BQ6: 62 | BR6: 63 | BS6: 64 | BT6: 65 | BU6: 66 | BV6: 67 | BW6: 68
A8: Leeftijd | L8: Leeftijd | W8: Leeftijd | AG8: Leeftijd | AQ8: Leeftijd | AT8: Leeftijd | AW8: Leeftijd | AZ8: Leeftijd | BC8: Leeftijd | BN8: Leeftijd | BY8: Leeftijd | CB8: Leeftijd | CE8: Leeftijd | CH8: Leeftijd
A9: 16 | B9: 6.152 | C9: 5.83 | D9: 5.517 | E9: 5.214 | F9: 4.92 | G9: 4.634 | H9: 4.358 | I9: 4.09 | J9: 3.831 | L9: 16 | M9: 6.423 | N9: 6.1 | O9: 5.786 | P9: 5.481 | Q9: 5.185 | R9: 4.897 | S9: 4.619 | T9: 4.348 | U9: 4.087 | W9: 16 | X9: 2.32 | Y9: 1.999 | Z9: 1.686 | AA9: 1.383 | AB9: 1.088 | AC9: 0.803 | AD9: 0.527 | AE9: 0.259 | AG9: 16 | AH9: 2.336 | AI9: 2.013 | AJ9: 1.699 | AK9: 1.394 | AL9: 1.098 | AM9: 0.811 | AN9: 0.532 | AO9: 0.262 | AQ9: 16 | AR9: 1.605 | AT9: 16 | AU9: 0.858 | AW9: 16 | AX9: 1.509 | AZ9: 16 | BA9: 0.716 | BC9: 16 | BD9: 1.321 | BE9: 1.27 | BF9: 1.22 | BG9: 1.171 | BH9: 1.122 | BI9: 1.073 | BJ9: 1.025 | BK9: 0.977 | BL9: 0.931 | BN9: 16 | BO9: 2.791 | BP9: 2.729 | BQ9: 2.663 | BR9: 2.594 | BS9: 2.521 | BT9: 2.444 | BU9: 2.364 | BV9: 2.281 | BW9: 2.196 | BY9: 16 | BZ9: 0.374 | CB9: 16 | CC9: 0.189 | CE9: 16 | CF9: 0.373 | CH9: 16 | CI9: 0.189
A10: 17 | B10: 6.304 | C10: 5.975 | D10: 5.654 | E10: 5.343 | F10: 5.042 | G10: 4.749 | H10: 4.466 | I10: 4.192 | J10: 3.926 | L10: 17 | M10: 6.583 | N10: 6.251 | O10: 5.929 | P10: 5.617 | Q10: 5.313 | R10: 5.019 | S10: 4.733 | T10: 4.456 | U10: 4.188 | W10: 17 | X10: 2.378 | Y10: 2.048 | Z10: 1.728 | AA10: 1.417 | AB10: 1.115 | AC10: 0.823 | AD10: 0.54 | AE10: 0.265 | AG10: 17 | AH10: 2.394 | AI10: 2.063 | AJ10: 1.741 | AK10: 1.429 | AL10: 1.125 | AM10: 0.831 | AN10: 0.545 | AO10: 0.268 | AQ10: 17 | AR10: 1.645 | AT10: 17 | AU10: 0.879 | AW10: 17 | AX10: 1.547 | AZ10: 17 | BA10: 0.734 | BC10: 17 | BD10: 1.353 | BE10: 1.302 | BF10: 1.251 | BG10: 1.2 | BH10: 1.149 | BI10: 1.1 | BJ10: 1.05 | BK10: 1.002 | BL10: 0.954 | BN10: 17 | BO10: 2.86 | BP10: 2.797 | BQ10: 2.73 | BR10: 2.658 | BS10: 2.583 | BT10: 2.505 | BU10: 2.423 | BV10: 2.338 | BW10: 2.251 | BY10: 17 | BZ10: 0.383 | CB10: 17 | CC10: 0.193 | CE10: 17 | CF10: 0.382 | CH10: 17 | CI10: 0.193
A11: 18 | B11: 6.461 | C11: 6.123 | D11: 5.795 | E11: 5.476 | F11: 5.167 | G11: 4.867 | H11: 4.577 | I11: 4.296 | J11: 4.024 | L11: 18 | M11: 6.746 | N11: 6.406 | O11: 6.077 | P11: 5.756 | Q11: 5.445 | R11: 5.143 | S11: 4.851 | T11: 4.567 | U11: 4.292 | W11: 18 | X11: 2.437 | Y11: 2.099 | Z11: 1.771 | AA11: 1.452 | AB11: 1.143 | AC11: 0.843 | AD11: 0.553 | AE11: 0.272 | AG11: 18 | AH11: 2.454 | AI11: 2.114 | AJ11: 1.784 | AK11: 1.464 | AL11: 1.153 | AM11: 0.851 | AN11: 0.559 | AO11: 0.275 | AQ11: 18 | AR11: 1.686 | AT11: 18 | AU11: 0.901 | AW11: 18 | AX11: 1.585 | AZ11: 18 | BA11: 0.752 | BC11: 18 | BD11: 1.387 | BE11: 1.334 | BF11: 1.282 | BG11: 1.23 | BH11: 1.178 | BI11: 1.127 | BJ11: 1.076 | BK11: 1.027 | BL11: 0.977 | BN11: 18 | BO11: 2.931 | BP11: 2.866 | BQ11: 2.797 | BR11: 2.724 | BS11: 2.647 | BT11: 2.567 | BU11: 2.483 | BV11: 2.396 | BW11: 2.306 | BY11: 18 | BZ11: 0.393 | CB11: 18 | CC11: 0.198 | CE11: 18 | CF11: 0.391 | CH11: 18 | CI11: 0.198
A12: 19 | B12: 6.621 | C12: 6.275 | D12: 5.939 | E12: 5.612 | F12: 5.295 | G12: 4.988 | H12: 4.691 | I12: 4.403 | J12: 4.124 | L12: 19 | M12: 6.914 | N12: 6.566 | O12: 6.228 | P12: 5.899 | Q12: 5.58 | R12: 5.271 | S12: 4.971 | T12: 4.68 | U12: 4.399 | W12: 19 | X12: 2.498 | Y12: 2.151 | Z12: 1.815 | AA12: 1.488 | AB12: 1.172 | AC12: 0.864 | AD12: 0.567 | AE12: 0.279 | AG12: 19 | AH12: 2.515 | AI12: 2.167 | AJ12: 1.829 | AK12: 1.5 | AL12: 1.182 | AM12: 0.872 | AN12: 0.572 | AO12: 0.282 | AQ12: 19 | AR12: 1.728 | AT12: 19 | AU12: 0.923 | AW12: 19 | AX12: 1.624 | AZ12: 19 | BA12: 0.77 | BC12: 19 | BD12: 1.421 | BE12: 1.367 | BF12: 1.313 | BG12: 1.26 | BH12: 1.207 | BI12: 1.155 | BJ12: 1.103 | BK12: 1.052 | BL12: 1.002 | BN12: 19 | BO12: 3.004 | BP12: 2.938 | BQ12: 2.867 | BR12: 2.792 | BS12: 2.713 | BT12: 2.631 | BU12: 2.545 | BV12: 2.456 | BW12: 2.364 | BY12: 19 | BZ12: 0.402 | CB12: 19 | CC12: 0.203 | CE12: 19 | CF12: 0.401 | CH12: 19 | CI12: 0.203
A13: 20 | B13: 6.786 | C13: 6.431 | D13: 6.086 | E13: 5.752 | F13: 5.427 | G13: 5.112 | H13: 4.807 | I13: 4.512 | J13: 4.226 | L13: 20 | M13: 7.085 | N13: 6.729 | O13: 6.382 | P13: 6.046 | Q13: 5.719 | R13: 5.402 | S13: 5.095 | T13: 4.797 | U13: 4.508 | W13: 20 | X13: 2.56 | Y13: 2.205 | Z13: 1.86 | AA13: 1.525 | AB13: 1.201 | AC13: 0.886 | AD13: 0.581 | AE13: 0.286 | AG13: 20 | AH13: 2.577 | AI13: 2.221 | AJ13: 1.874 | AK13: 1.538 | AL13: 1.211 | AM13: 0.894 | AN13: 0.587 | AO13: 0.289 | AQ13: 20 | AR13: 1.77 | AT13: 20 | AU13: 0.945 | AW13: 20 | AX13: 1.664 | AZ13: 20 | BA13: 0.788 | BC13: 20 | BD13: 1.457 | BE13: 1.401 | BF13: 1.346 | BG13: 1.291 | BH13: 1.237 | BI13: 1.184 | BJ13: 1.131 | BK13: 1.078 | BL13: 1.027 | BN13: 20 | BO13: 3.079 | BP13: 3.011 | BQ13: 2.938 | BR13: 2.861 | BS13: 2.78 | BT13: 2.696 | BU13: 2.608 | BV13: 2.517 | BW13: 2.422 | BY13: 20 | BZ13: 0.412 | CB13: 20 | CC13: 0.207 | CE13: 20 | CF13: 0.41 | CH13: 20 | CI13: 0.207
A14: 21 | B14: 6.955 | C14: 6.591 | D14: 6.238 | E14: 5.895 | F14: 5.562 | G14: 5.239 | H14: 4.927 | I14: 4.624 | J14: 4.332 | L14: 21 | M14: 7.262 | N14: 6.896 | O14: 6.541 | P14: 6.196 | Q14: 5.861 | R14: 5.537 | S14: 5.221 | T14: 4.916 | U14: 4.62 | W14: 21 | X14: 2.623 | Y14: 2.26 | Z14: 1.906 | AA14: 1.563 | AB14: 1.231 | AC14: 0.908 | AD14: 0.595 | AE14: 0.293 | AG14: 21 | AH14: 2.641 | AI14: 2.276 | AJ14: 1.921 | AK14: 1.576 | AL14: 1.241 | AM14: 0.916 | AN14: 0.601 | AO14: 0.296 | AQ14: 21 | AR14: 1.813 | AT14: 21 | AU14: 0.967 | AW14: 21 | AX14: 1.705 | AZ14: 21 | BA14: 0.807 | BC14: 21 | BD14: 1.493 | BE14: 1.436 | BF14: 1.38 | BG14: 1.324 | BH14: 1.268 | BI14: 1.213 | BJ14: 1.159 | BK14: 1.105 | BL14: 1.052 | BN14: 21 | BO14: 3.155 | BP14: 3.086 | BQ14: 3.011 | BR14: 2.932 | BS14: 2.85 | BT14: 2.763 | BU14: 2.673 | BV14: 2.579 | BW14: 2.483 | BY14: 21 | BZ14: 0.421 | CB14: 21 | CC14: 0.211 | CE14: 21 | CF14: 0.42 | CH14: 21 | CI14: 0.211
A15: 22 | B15: 7.128 | C15: 6.755 | D15: 6.393 | E15: 6.042 | F15: 5.701 | G15: 5.37 | H15: 5.05 | I15: 4.74 | J15: 4.439 | L15: 22 | M15: 7.442 | N15: 7.068 | O15: 6.704 | P15: 6.35 | Q15: 6.007 | R15: 5.674 | S15: 5.351 | T15: 5.038 | U15: 4.735 | W15: 22 | X15: 2.689 | Y15: 2.316 | Z15: 1.954 | AA15: 1.602 | AB15: 1.261 | AC15: 0.931 | AD15: 0.61 | AE15: 0.3 | AG15: 22 | AH15: 2.707 | AI15: 2.333 | AJ15: 1.969 | AK15: 1.615 | AL15: 1.272 | AM15: 0.939 | AN15: 0.616 | AO15: 0.303 | AQ15: 22 | AR15: 1.857 | AT15: 22 | AU15: 0.989 | AW15: 22 | AX15: 1.745 | AZ15: 22 | BA15: 0.825 | BC15: 22 | BD15: 1.53 | BE15: 1.472 | BF15: 1.414 | BG15: 1.357 | BH15: 1.3 | BI15: 1.243 | BJ15: 1.188 | BK15: 1.133 | BL15: 1.078 | BN15: 22 | BO15: 3.234 | BP15: 3.162 | BQ15: 3.086 | BR15: 3.005 | BS15: 2.921 | BT15: 2.832 | BU15: 2.739 | BV15: 2.643 | BW15: 2.545 | BY15: 22 | BZ15: 0.43 | CB15: 22 | CC15: 0.214 | CE15: 22 | CF15: 0.429 | CH15: 22 | CI15: 0.214
A16: 23 | B16: 7.306 | C16: 6.924 | D16: 6.553 | E16: 6.193 | F16: 5.843 | G16: 5.504 | H16: 5.176 | I16: 4.858 | J16: 4.55 | L16: 23 | M16: 7.628 | N16: 7.244 | O16: 6.871 | P16: 6.509 | Q16: 6.157 | R16: 5.816 | S16: 5.485 | T16: 5.164 | U16: 4.853 | W16: 23 | X16: 2.756 | Y16: 2.374 | Z16: 2.003 | AA16: 1.642 | AB16: 1.293 | AC16: 0.954 | AD16: 0.625 | AE16: 0.308 | AG16: 23 | AH16: 2.775 | AI16: 2.391 | AJ16: 2.018 | AK16: 1.655 | AL16: 1.304 | AM16: 0.963 | AN16: 0.632 | AO16: 0.311 | AQ16: 23 | AR16: 1.9 | AT16: 23 | AU16: 1.011 | AW16: 23 | AX16: 1.786 | AZ16: 23 | BA16: 0.842 | BC16: 23 | BD16: 1.568 | BE16: 1.509 | BF16: 1.449 | BG16: 1.391 | BH16: 1.332 | BI16: 1.274 | BJ16: 1.217 | BK16: 1.161 | BL16: 1.105 | BN16: 23 | BO16: 3.314 | BP16: 3.241 | BQ16: 3.163 | BR16: 3.08 | BS16: 2.993 | BT16: 2.902 | BU16: 2.808 | BV16: 2.709 | BW16: 2.608 | BY16: 23 | BZ16: 0.439 | CB16: 23 | CC16: 0.218 | CE16: 23 | CF16: 0.437 | CH16: 23 | CI16: 0.218
A17: 24 | B17: 7.489 | C17: 7.097 | D17: 6.717 | E17: 6.348 | F17: 5.989 | G17: 5.642 | H17: 5.305 | I17: 4.98 | J17: 4.664 | L17: 24 | M17: 7.818 | N17: 7.424 | O17: 7.042 | P17: 6.671 | Q17: 6.31 | R17: 5.96 | S17: 5.621 | T17: 5.292 | U17: 4.974 | W17: 24 | X17: 2.825 | Y17: 2.433 | Z17: 2.053 | AA17: 1.683 | AB17: 1.325 | AC17: 0.978 | AD17: 0.641 | AE17: 0.315 | AG17: 24 | AH17: 2.844 | AI17: 2.45 | AJ17: 2.068 | AK17: 1.697 | AL17: 1.336 | AM17: 0.987 | AN17: 0.647 | AO17: 0.319 | AQ17: 24 | AR17: 1.944 | AT17: 24 | AU17: 1.033 | AW17: 24 | AX17: 1.827 | AZ17: 24 | BA17: 0.86 | BC17: 24 | BD17: 1.608 | BE17: 1.546 | BF17: 1.486 | BG17: 1.425 | BH17: 1.366 | BI17: 1.306 | BJ17: 1.248 | BK17: 1.19 | BL17: 1.133 | BN17: 24 | BO17: 3.397 | BP17: 3.322 | BQ17: 3.242 | BR17: 3.157 | BS17: 3.068 | BT17: 2.975 | BU17: 2.878 | BV17: 2.777 | BW17: 2.673 | BY17: 24 | BZ17: 0.446 | CB17: 24 | CC17: 0.22 | CE17: 24 | CF17: 0.445 | CH17: 24 | CI17: 0.22
A18: 25 | B18: 7.677 | C18: 7.275 | D18: 6.885 | E18: 6.507 | F18: 6.14 | G18: 5.783 | H18: 5.438 | I18: 5.104 | J18: 4.781 | L18: 25 | M18: 8.012 | N18: 7.609 | O18: 7.217 | P18: 6.837 | Q18: 6.467 | R18: 6.109 | S18: 5.761 | T18: 5.424 | U18: 5.098 | W18: 25 | X18: 2.896 | Y18: 2.494 | Z18: 2.104 | AA18: 1.726 | AB18: 1.358 | AC18: 1.002 | AD18: 0.657 | AE18: 0.323 | AG18: 25 | AH18: 2.915 | AI18: 2.511 | AJ18: 2.119 | AK18: 1.739 | AL18: 1.37 | AM18: 1.011 | AN18: 0.663 | AO18: 0.326 | AQ18: 25 | AR18: 1.988 | AT18: 25 | AU18: 1.055 | AW18: 25 | AX18: 1.868 | AZ18: 25 | BA18: 0.878 | BC18: 25 | BD18: 1.648 | BE18: 1.585 | BF18: 1.523 | BG18: 1.461 | BH18: 1.4 | BI18: 1.339 | BJ18: 1.279 | BK18: 1.22 | BL18: 1.161 | BN18: 25 | BO18: 3.481 | BP18: 3.404 | BQ18: 3.322 | BR18: 3.236 | BS18: 3.144 | BT18: 3.049 | BU18: 2.949 | BV18: 2.846 | BW18: 2.739 | BY18: 25 | BZ18: 0.453 | CB18: 25 | CC18: 0.222 | CE18: 25 | CF18: 0.451 | CH18: 25 | CI18: 0.222
A19: 26 | B19: 7.87 | C19: 7.458 | D19: 7.058 | E19: 6.67 | F19: 6.294 | G19: 5.929 | H19: 5.575 | I19: 5.233 | J19: 4.901 | L19: 26 | M19: 8.212 | N19: 7.799 | O19: 7.397 | P19: 7.007 | Q19: 6.628 | R19: 6.261 | S19: 5.905 | T19: 5.559 | U19: 5.225 | W19: 26 | X19: 2.969 | Y19: 2.557 | Z19: 2.157 | AA19: 1.769 | AB19: 1.392 | AC19: 1.027 | AD19: 0.674 | AE19: 0.331 | AG19: 26 | AH19: 2.987 | AI19: 2.574 | AJ19: 2.172 | AK19: 1.782 | AL19: 1.404 | AM19: 1.036 | AN19: 0.68 | AO19: 0.335 | AQ19: 26 | AR19: 2.031 | AT19: 26 | AU19: 1.077 | AW19: 26 | AX19: 1.909 | AZ19: 26 | BA19: 0.896 | BC19: 26 | BD19: 1.689 | BE19: 1.625 | BF19: 1.561 | BG19: 1.498 | BH19: 1.435 | BI19: 1.373 | BJ19: 1.311 | BK19: 1.25 | BL19: 1.191 | BN19: 26 | BO19: 3.568 | BP19: 3.489 | BQ19: 3.405 | BR19: 3.316 | BS19: 3.223 | BT19: 3.125 | BU19: 3.023 | BV19: 2.917 | BW19: 2.808 | BY19: 26 | BZ19: 0.459 | CB19: 26 | CC19: 0.225 | CE19: 26 | CF19: 0.457 | CH19: 26 | CI19: 0.225
A20: 27 | B20: 8.067 | C20: 7.645 | D20: 7.235 | E20: 6.838 | F20: 6.452 | G20: 6.077 | H20: 5.715 | I20: 5.364 | J20: 5.024 | L20: 27 | M20: 8.416 | N20: 7.993 | O20: 7.581 | P20: 7.182 | Q20: 6.793 | R20: 6.417 | S20: 6.052 | T20: 5.698 | U20: 5.355 | W20: 27 | X20: 3.043 | Y20: 2.621 | Z20: 2.211 | AA20: 1.813 | AB20: 1.427 | AC20: 1.053 | AD20: 0.691 | AE20: 0.34 | AG20: 27 | AH20: 3.061 | AI20: 2.638 | AJ20: 2.226 | AK20: 1.827 | AL20: 1.439 | AM20: 1.062 | AN20: 0.697 | AO20: 0.343 | AQ20: 27 | AR20: 2.076 | AT20: 27 | AU20: 1.1 | AW20: 27 | AX20: 1.95 | AZ20: 27 | BA20: 0.914 | BC20: 27 | BD20: 1.732 | BE20: 1.666 | BF20: 1.6 | BG20: 1.535 | BH20: 1.471 | BI20: 1.407 | BJ20: 1.344 | BK20: 1.282 | BL20: 1.22 | BN20: 27 | BO20: 3.657 | BP20: 3.576 | BQ20: 3.49 | BR20: 3.399 | BS20: 3.303 | BT20: 3.203 | BU20: 3.098 | BV20: 2.989 | BW20: 2.878 | BY20: 27 | BZ20: 0.465 | CB20: 27 | CC20: 0.227 | CE20: 27 | CF20: 0.463 | CH20: 27 | CI20: 0.227
... A53: 60 | B53: 18.841 | C53: 17.856 | D53: 16.898 | E53: 15.969 | F53: 15.068 | G53: 14.194 | H53: 13.347 | I53: 12.527 | J53: 11.734 | L53: 60 | M53: 19.588 | N53: 18.602 | O53: 17.645 | P53: 16.714 | Q53: 15.811 | R53: 14.935 | S53: 14.085 | T53: 13.261 | U53: 12.463 | W53: 60 | X53: 7.107 | Y53: 6.121 | Z53: 5.164 | AA53: 4.235 | AB53: 3.334 | AC53: 2.46 | AD53: 1.613 | AE53: 0.793 | AG53: 60 | AH53: 7.125 | AI53: 6.139 | AJ53: 5.182 | AK53: 4.251 | AL53: 3.348 | AM53: 2.472 | AN53: 1.622 | AO53: 0.798 | AQ53: 60 | AR53: 3.646 | AT53: 60 | AU53: 1.701 | AW53: 60 | AX53: 3.351 | AZ53: 60 | BA53: 1.268 | BC53: 60 | BD53: 4.045 | BE53: 3.89 | BF53: 3.737 | BG53: 3.586 | BH53: 3.435 | BI53: 3.287 | BJ53: 3.139 | BK53: 2.994 | BL53: 2.85 | BN53: 60 | BO53: 8.511 | BP53: 8.323 | BQ53: 8.123 | BR53: 7.91 | BS53: 7.687 | BT53: 7.454 | BU53: 7.21 | BV53: 6.958 | BW53: 6.697 | BY53: 60 | BZ53: 0.285 | CB53: 60 | CC53: 0.039 | CE53: 60 | CF53: 0.281 | CH53: 60 | CI53: 0.039
A54: 61 | C54: 18.381 | D54: 17.396 | E54: 16.439 | F54: 15.511 | G54: 14.612 | H54: 13.74 | I54: 12.896 | J54: 12.08 | L54: 61 | N54: 19.143 | O54: 18.158 | P54: 17.2 | Q54: 16.271 | R54: 15.369 | S54: 14.495 | T54: 13.647 | U54: 12.825 | W54: 61 | Y54: 6.302 | Z54: 5.316 | AA54: 4.36 | AB54: 3.432 | AC54: 2.532 | AD54: 1.66 | AE54: 0.817 | AG54: 61 | AI54: 6.318 | AJ54: 5.332 | AK54: 4.375 | AL54: 3.446 | AM54: 2.544 | AN54: 1.669 | AO54: 0.821 | AQ54: 61 | AR54: 3.67 | AT54: 61 | AU54: 1.699 | AW54: 61 | AX54: 3.367 | AZ54: 61 | BA54: 1.253 | BC54: 61 | BE54: 4.005 | BF54: 3.847 | BG54: 3.691 | BH54: 3.536 | BI54: 3.383 | BJ54: 3.232 | BK54: 3.082 | BL54: 2.934 | BN54: 61 | BP54: 8.565 | BQ54: 8.359 | BR54: 8.14 | BS54: 7.91 | BT54: 7.67 | BU54: 7.42 | BV54: 7.16 | BW54: 6.892 | BY54: 61 | BZ54: 0.256 | CB54: 61 | CC54: 0.026 | CE54: 61 | CF54: 0.251 | CH54: 61 | CI54: 0.026
A55: 62 | D55: 17.917 | E55: 16.932 | F55: 15.976 | G55: 15.05 | H55: 14.152 | I55: 13.283 | J55: 12.442 | L55: 62 | O55: 18.692 | P55: 17.706 | Q55: 16.75 | R55: 15.821 | S55: 14.921 | T55: 14.048 | U55: 13.203 | W55: 62 | Z55: 5.475 | AA55: 4.49 | AB55: 3.535 | AC55: 2.608 | AD55: 1.71 | AE55: 0.841 | AG55: 62 | AJ55: 5.489 | AK55: 4.504 | AL55: 3.547 | AM55: 2.619 | AN55: 1.718 | AO55: 0.846 | AQ55: 62 | AR55: 3.689 | AT55: 62 | AU55: 1.695 | AW55: 62 | AX55: 3.378 | AZ55: 62 | BA55: 1.236 | BC55: 62 | BF55: 3.963 | BG55: 3.802 | BH55: 3.642 | BI55: 3.485 | BJ55: 3.328 | BK55: 3.174 | BL55: 3.022 | BN55: 62 | BQ55: 8.605 | BR55: 8.38 | BS55: 8.143 | BT55: 7.896 | BU55: 7.638 | BV55: 7.371 | BW55: 7.095 | BY55: 62 | BZ55: 0.225 | CB55: 62 | CC55: 0.016 | CE55: 62 | CF55: 0.22 | CH55: 62 | CI55: 0.016
A56: 63 | E56: 17.449 | F56: 16.464 | G56: 15.51 | H56: 14.584 | I56: 13.689 | J56: 12.822 | L56: 63 | P56: 18.236 | Q56: 17.25 | R56: 16.294 | S56: 15.367 | T56: 14.468 | U56: 13.597 | W56: 63 | AA56: 4.627 | AB56: 3.643 | AC56: 2.688 | AD56: 1.762 | AE56: 0.867 | AG56: 63 | AK56: 4.638 | AL56: 3.653 | AM56: 2.697 | AN56: 1.77 | AO56: 0.871 | AQ56: 63 | AR56: 3.704 | AT56: 63 | AU56: 1.689 | AW56: 63 | AX56: 3.383 | AZ56: 63 | BA56: 1.216 | BC56: 63 | BG56: 3.918 | BH56: 3.754 | BI56: 3.591 | BJ56: 3.43 | BK56: 3.271 | BL56: 3.115 | BN56: 63 | BR56: 8.63 | BS56: 8.387 | BT56: 8.132 | BU56: 7.866 | BV56: 7.591 | BW56: 7.307 | BY56: 63 | BZ56: 0.193 | CB56: 63 | CC56: 0.008 | CE56: 63 | CF56: 0.188 | CH56: 63 | CI56: 0.008
A57: 64 | F57: 16.977 | G57: 15.992 | H57: 15.038 | I57: 14.115 | J57: 13.221 | L57: 64 | Q57: 17.773 | R57: 16.788 | S57: 15.833 | T57: 14.907 | U57: 14.01 | W57: 64 | AB57: 3.756 | AC57: 2.771 | AD57: 1.817 | AE57: 0.894 | AG57: 64 | AL57: 3.764 | AM57: 2.779 | AN57: 1.823 | AO57: 0.897 | AQ57: 64 | AR57: 3.714 | AT57: 64 | AU57: 1.681 | AW57: 64 | AX57: 3.383 | AZ57: 64 | BA57: 1.194 | BC57: 64 | BH57: 3.871 | BI57: 3.703 | BJ57: 3.537 | BK57: 3.373 | BL57: 3.211 | BN57: 64 | BS57: 8.641 | BT57: 8.379 | BU57: 8.105 | BV57: 7.821 | BW57: 7.528 | BY57: 64 | BZ57: 0.161 | CB57: 64 | CC57: 0.002 | CE57: 64 | CF57: 0.156 | CH57: 64 | CI57: 0.002
A58: 65 | G58: 16.5 | H58: 15.516 | I58: 14.563 | J58: 13.641 | L58: 65 | R58: 17.306 | S58: 16.321 | T58: 15.366 | U58: 14.441 | W58: 65 | AB58: 2.95 | AC58: 2.859 | AD58: 1.875 | AE58: 0.922 | AG58: 65 | AL58: 2.953 | AM58: 2.864 | AN58: 1.88 | AO58: 0.925 | AQ58: 65 | AR58: 3.72 | AT58: 65 | AU58: 1.672 | AW58: 65 | AX58: 3.378 | AZ58: 65 | BA58: 1.171 | BC58: 65 | BI58: 3.82 | BJ58: 3.649 | BK58: 3.48 | BL58: 3.313 | BN58: 65 | BT58: 8.637 | BU58: 8.355 | BV58: 8.062 | BW58: 7.76 | BY58: 65 | BZ58: 0.129 | CB58: 65 | CC58: 0 | CE58: 65 | CF58: 0.124 | CH58: 65 | CI58: 0
A59: 66 | H59: 16.019 | I59: 15.035 | J59: 14.083 | L59: 66 | S59: 16.833 | T59: 15.848 | U59: 14.894 | W59: 66 | AC59: 1.999 | AD59: 1.936 | AE59: 0.952 | AG59: 66 | AM59: 1.999 | AN59: 1.938 | AO59: 0.954 | AQ59: 66 | AR59: 3.72 | AT59: 66 | AU59: 1.662 | AW59: 66 | AX59: 3.367 | AZ59: 66 | BA59: 1.144 | BC59: 66 | BJ59: 3.768 | BK59: 3.593 | BL59: 3.421 | BN59: 66 | BU59: 8.617 | BV59: 8.315 | BW59: 8.004 | BY59: 66 | BZ59: 0.099 | CB59: 66 | CC59: 0 | CE59: 66 | CF59: 0.093 | CH59: 66 | CI59: 0
A60: 67 | I60: 15.534 | J60: 14.551 | L60: 67 | T60: 16.353 | U60: 15.369 | W60: 67 | AD60: 1.016 | AE60: 0.984 | AG60: 67 | AN60: 1.016 | AO60: 0.984 | AQ60: 67 | AR60: 3.715 | AT60: 67 | AU60: 1.65 | AW60: 67 | AX60: 3.35 | AZ60: 67 | BA60: 1.116 | BC60: 67 | BK60: 3.712 | BL60: 3.535 | BN60: 67 | BV60: 8.58 | BW60: 8.259 | BY60: 67 | BZ60: 0.07 | CB60: 67 | CC60: 0 | CE60: 67 | CF60: 0.065 | CH60: 67 | CI60: 0
A61: 68 | J61: 15.046 | L61: 68 | U61: 15.867 | W61: 68 | AE61: 0 | AG61: 68 | AO61: 0 | AQ61: 68 | AR61: 3.696 | AT61: 68 | AU61: 1.622 | AW61: 68 | AX61: 3.326 | AZ61: 68 | BA61: 1.087 | BC61: 68 | BL61: 3.655 | BN61: 68 | BW61: 8.527 | BY61: 68 | BZ61: 0.044 | CB61: 68 | CC61: 0 | CE61: 68 | CF61: 0.039 | CH61: 68 | CI61: 0
